Algorithm,Seed,Population,Generation,Solutions,TimeDelta,GD,IGD,HV,S,STE
NSGA2,1,23,1,23,0.0,0.2051928294984615,0.2595307618368609,0.4618048400290665,0.009112165155838358,0.00025647104855153045
NSGA2,1,21,5,21,3.853282,0.1673270161061446,0.22377915035761117,0.5015034713781882,0.013020481280035207,0.00047937425328527776
NSGA2,1,36,10,36,3.6280289999999997,0.12340623827338566,0.19406938898621387,0.5529322282712702,0.011732607193214875,0.00031881859131403876
NSGA2,1,35,15,35,4.128165,0.08541673429032898,0.15420960119738633,0.6042788321275779,0.009618691659006643,0.00023892646110163188
NSGA2,1,57,20,57,4.109764,0.06316702623318839,0.13292679326635878,0.6382282719261764,0.011323219178257486,0.00032408447942332486
NSGA2,1,61,25,61,4.298953,0.04644346836684265,0.1089788851316355,0.6699502774104902,0.010300562478381313,0.00027387830689750407
NSGA2,1,77,30,77,4.533125,0.04518058683646443,0.09252904565545983,0.6994029512002616,0.007528751547000709,0.00013896718398712
NSGA2,1,73,35,73,4.055694,0.03214223072522367,0.07900820996462293,0.7336975032279415,0.01085715313727902,0.0002681341771048949
NSGA2,1,134,40,134,3.80005,0.031018519562594882,0.07157053900047644,0.7453712301929701,0.007806481842649532,0.00013629800519213318
NSGA2,1,190,45,190,4.229011,0.0287077069420027,0.06660546877206776,0.7495304361069091,0.00442661231026119,4.361651378174636e-05
NSGA2,1,191,50,191,3.608186,0.02491538865018915,0.06063954696316196,0.7551221340415524,0.005220079296092526,5.7115267529961134e-05
NSGA2,1,209,55,209,4.599893,0.02433468618466292,0.05954420924848628,0.7601218254758485,0.0043579410956266895,4.3277208138463854e-05
NSGA2,1,266,60,266,4.319485,0.021473378151872894,0.0557277681754347,0.7697994068995289,0.003400335706798967,2.4429294193905422e-05
NSGA2,1,332,65,332,4.346432,0.02005703600260383,0.052330197624977745,0.7739767677430416,0.003787376242483848,2.9781845593544677e-05
NSGA2,1,351,70,351,4.1635159999999996,0.01987745872375751,0.051808590415518434,0.7809091766007465,0.0030732662390782852,1.9066161753734925e-05
NSGA2,1,371,75,371,4.897577,0.018289821689784668,0.05049236029638572,0.785081029050339,0.002661862349322237,1.5057923648727808e-05
NSGA2,1,400,80,400,4.275234,0.018110912611748176,0.047410875456788314,0.7887499646346358,0.002840374944420641,1.659631268060356e-05
NSGA2,1,400,85,400,4.714031,0.017535205831769443,0.045135110369506314,0.7967784437304374,0.0027409647036060647,1.5003530785865852e-05
NSGA2,1,400,90,400,4.827562,0.01726897811189884,0.043843856124306975,0.7974020548390918,0.00279085179530063,1.529770123814916e-05
NSGA2,1,400,95,400,4.49205,0.016463001355449598,0.0433581239937224,0.7976281218430964,0.00309849276580056,1.8856174956731083e-05
NSGA2,1,400,100,400,5.208878,0.016300030950523133,0.040923880611540335,0.8027509024046523,0.002991809714241521,1.7712604220310676e-05
NSGA2,1,400,105,400,6.092858,0.015854521315431507,0.03912420520330267,0.803307421244931,0.0032868125623947697,2.1360930522423677e-05
NSGA2,1,400,110,400,5.448549,0.015839993552835857,0.03904425478479402,0.8047608224759883,0.003579976106929663,2.4911994028410744e-05
NSGA2,1,400,115,400,6.702559,0.01598347642175385,0.03863322826220623,0.8048726160319174,0.0035552380084760433,2.4568893364419942e-05
NSGA2,1,400,120,400,5.994393,0.015984131236298656,0.03835672233565948,0.8050427555580538,0.003369055753682816,2.2295737207463948e-05
NSGA2,1,400,125,400,6.349706,0.016059287857992505,0.03826854929613462,0.8074144428307636,0.0033224048082639256,2.1584989324510188e-05
NSGA2,1,400,130,400,6.396084,0.015572487231765828,0.03693665378205743,0.8128950209536873,0.0028426721972538353,1.5578390398029993e-05
NSGA2,1,400,135,400,6.445995,0.015185967310868784,0.03546987941837886,0.8198815001982656,0.002890974823881639,1.5483360756522885e-05
NSGA2,1,400,140,400,6.959665,0.015333607909754281,0.034724334889804045,0.8219591349849549,0.0029665978342090396,1.6007243288206917e-05
NSGA2,1,400,145,400,6.751318,0.015465186017811746,0.0328956989699648,0.8221151107008804,0.0029502910451299135,1.5719054758813342e-05
NSGA2,1,400,150,400,7.084125,0.01508068350650631,0.032610762138535324,0.8256139445152952,0.0029644699633326072,1.572882755457151e-05
NSGA2,1,400,155,400,7.194835,0.015429732822191787,0.031737663571434725,0.8259153967465243,0.003092785816185224,1.7265007693345006e-05
NSGA2,1,400,160,400,7.42606,0.015261392655334643,0.030784356400225744,0.8259773689885531,0.003035424460236382,1.6552905305166827e-05
NSGA2,1,400,165,400,6.983972,0.015160231757344805,0.030146073397000414,0.8261204883980753,0.0032208250077774858,1.8608316273458424e-05
NSGA2,1,400,170,400,7.966536,0.014909628676174095,0.029984495248305987,0.8266420022900952,0.00308956421663025,1.6867501772377784e-05
NSGA2,1,400,175,400,8.223744,0.014678200961266697,0.02950485222992298,0.8267335603075783,0.0030557953191980903,1.672344345574473e-05
NSGA2,1,400,180,400,7.771124,0.014679556811750628,0.029369383463740902,0.8274790282122105,0.0030076931635706415,1.61815186298881e-05
NSGA2,1,400,185,400,8.118478,0.014620081349234737,0.028786031337457264,0.8280990587020334,0.0031861802727831683,1.7965664826122006e-05
NSGA2,1,400,190,400,7.979946,0.014249713304775629,0.028264806985429443,0.8285141504186978,0.0029565346601620464,1.5250205005040694e-05
NSGA2,1,400,195,400,8.376787,0.014159140268688704,0.027377865375791115,0.833378838598969,0.003256889335121462,1.8332248219666602e-05
NSGA2,1,400,200,400,9.104921,0.014377554097228589,0.027318108376520794,0.8338433187647081,0.0033290106422896497,1.912954821667688e-05
NSGA2,1,400,205,400,8.312439,0.014913722134097855,0.026611961871445693,0.8340675260405221,0.003201949631841673,1.7274667697227143e-05
NSGA2,1,400,210,400,8.958378,0.01474124425250077,0.026061093391163994,0.8360110893452359,0.003031853691022184,1.527655576032523e-05
NSGA2,1,400,215,400,9.003861,0.014518828830003867,0.025947039713534577,0.8374754402833534,0.0031526962592016245,1.6529865340062407e-05
NSGA2,1,400,220,400,9.423579,0.014552035486280472,0.026262443239745862,0.8374956423953526,0.003131140270298327,1.6304598180662774e-05
NSGA2,1,400,225,400,9.232032,0.014650994897610271,0.02566944945782551,0.8393308756511593,0.0036627008037615244,2.2006656382061983e-05
NSGA2,1,400,230,400,11.755354,0.014587879669658896,0.025175292923597145,0.8404499367861387,0.0036986722787219943,2.1324350839732054e-05
NSGA2,1,400,235,400,8.688152,0.014103518382580395,0.024940666557960896,0.840452117804245,0.0036397504847944483,2.06113589428597e-05
NSGA2,1,400,240,400,9.891848,0.014108727355351047,0.024491373683285682,0.8405733692338337,0.0030807430933633374,1.4766391153307832e-05
NSGA2,1,400,245,400,9.325675,0.014070843419239325,0.024639027187324296,0.8406544489348933,0.003176230682812229,1.5730080986518527e-05
NSGA2,1,400,250,400,10.766106,0.014578534832002062,0.025005663297898786,0.8408617801173156,0.003391170799612799,1.8096245081134837e-05
NSGA2,1,400,255,400,10.186864,0.014297056244638555,0.02497775369520581,0.8408898927488407,0.003455298645089998,1.867314177995519e-05
NSGA2,1,400,260,400,10.732465,0.014425623237285743,0.024821387078235252,0.8414707090394002,0.003232743404450298,1.631804737948061e-05
NSGA2,1,400,265,400,10.930535,0.014081566839128402,0.024692790665938966,0.8434519715813981,0.0031757591031681878,1.591654172304706e-05
NSGA2,1,400,270,400,10.906336,0.014153612781732225,0.02473403081619664,0.8434641411557893,0.0030791778387263833,1.4708805976607188e-05
NSGA2,1,400,275,400,10.864759,0.013976761876889116,0.022762603687600753,0.8486488291959947,0.003846371387173075,2.2097806082221166e-05
NSGA2,1,400,280,400,10.611653,0.013607936636005836,0.022537012851479018,0.8488794731261329,0.0037280498154324293,2.075917745157276e-05
NSGA2,1,400,285,400,11.787146,0.013271307419181942,0.022437034722718595,0.8538489857214159,0.0034927750719661275,1.816434200590433e-05
NSGA2,1,400,290,400,11.793341999999999,0.013620329372580295,0.022004781184121004,0.8540748620511924,0.0034307512711831125,1.7326333962877128e-05
NSGA2,1,400,295,400,11.749532,0.013505792630600815,0.021705924209918213,0.8543355918323605,0.0036371118153516735,1.953792887024672e-05
NSGA2,1,400,300,400,11.955259999999999,0.01316953556392457,0.022040837431890642,0.8544958587171977,0.003130726041992155,1.4456707002294464e-05
NSGA2,1,400,305,400,11.800106,0.012829776683017097,0.021413536564866543,0.8546954247980949,0.003374665940977004,1.6608641854737336e-05
NSGA2,1,400,310,400,12.403259,0.012551980765381898,0.021273451348655794,0.8560745459897248,0.003415719258137597,1.675257173962851e-05
NSGA2,1,400,315,400,12.289677,0.012665218945161346,0.02209551249093966,0.858360018796835,0.0030558885658485777,1.3463761912642747e-05
NSGA2,1,400,320,400,12.719421,0.012542948022557837,0.021899935636977886,0.8587892669893886,0.003144478787878676,1.4248620929265873e-05
NSGA2,1,400,325,400,12.815869,0.01241285050059818,0.02111414799290006,0.8606717851322205,0.003423209267693456,1.6846781866529556e-05
NSGA2,1,400,330,400,13.874576,0.01252621513734491,0.021042135896045304,0.8608827885882755,0.003390266252621002,1.634755679703376e-05
NSGA2,1,400,335,400,13.021382,0.012450875539251217,0.02057521421808276,0.8611390742463194,0.0035650765462948895,1.8076858556997633e-05
NSGA2,1,400,340,400,12.544033,0.0122869929638894,0.02065973942438669,0.8612378850707123,0.0035855906430501457,1.8285492135204298e-05
NSGA2,1,400,345,400,13.454574,0.011946159439887267,0.02040277297203141,0.8613348975702044,0.003393698032530406,1.6307652649317922e-05
NSGA2,1,400,350,400,13.227268,0.011982493003537287,0.020714652457933726,0.861340565786231,0.0034397200077169532,1.6752948145855033e-05
NSGA2,1,400,355,400,12.906242,0.012026078080974872,0.020453576934172515,0.8613587655566152,0.003317476269577042,1.55833458417561e-05
NSGA2,1,400,360,400,13.350393,0.011823069005449143,0.020495573890194917,0.861371623248401,0.003205576452698257,1.450708571055852e-05
NSGA2,1,400,365,400,14.17602,0.01180792821123814,0.019845586452614,0.8630604641377575,0.0034263531494958355,1.653349576693093e-05
NSGA2,1,400,370,400,14.295763,0.011618457008652074,0.019545909579147227,0.8630499024492462,0.003539695816294651,1.7570485779534108e-05
NSGA2,1,400,375,400,13.452926,0.011589883877600259,0.01931458145961116,0.8631174021018492,0.004065574167557415,2.3179051488014877e-05
NSGA2,1,400,380,400,14.706948,0.011150476242228273,0.01970135218618728,0.8661488579851151,0.004176266039855076,2.4602230855069503e-05
NSGA2,1,400,385,400,14.669719,0.011440286781022607,0.019170100812838656,0.8666451939037982,0.004327933096576846,2.641021762153356e-05
NSGA2,1,400,390,400,15.607721,0.010961326201765908,0.019119643286519515,0.8666648568419744,0.003102353680461441,1.359549774219952e-05
NSGA2,1,400,395,400,14.661769,0.01052950467108247,0.019378931438134513,0.8667320799710603,0.0033717088700129603,1.6058783157015683e-05
NSGA2,1,400,400,400,15.120367,0.011159949685785304,0.0191276158969462,0.8692110310116716,0.003176059026072252,1.4170643922949966e-05
NSGA2,1,400,405,400,15.993524,0.011683970031564033,0.019201414869702678,0.8703978916716069,0.0034073853575096137,1.6245376761437662e-05
NSGA2,1,400,410,400,15.36422,0.011473063262857974,0.018758046082172648,0.8704215916089015,0.003908169655651479,2.0950458903261763e-05
NSGA2,1,400,415,400,15.721914,0.01162164502285274,0.01892311786325937,0.8710311177053083,0.0035754963903257488,1.7894934700411778e-05
NSGA2,1,400,420,400,16.149643,0.011369643332628323,0.018602873082592643,0.8711250098338176,0.0035575155663388927,1.7725191415733748e-05
NSGA2,1,400,425,400,16.99368,0.011432056242158978,0.018873039158954413,0.8711912116092514,0.003189862187114988,1.4174668689834472e-05
NSGA2,1,400,430,400,16.456657,0.011331999841404504,0.0182700215855275,0.8711950299078501,0.0032961103842505837,1.5134656576502342e-05
NSGA2,1,400,435,400,16.194741,0.011209795413293087,0.01827613772811954,0.8713652120771631,0.00353709532798438,1.7416524694635336e-05
NSGA2,1,400,440,400,16.600705,0.010945494482580706,0.018273608890205666,0.8721676080717913,0.0035253742498085666,1.7291765144327794e-05
NSGA2,1,400,445,400,15.565672,0.01090124095358529,0.017666982741505084,0.8756268261211364,0.003372075139950104,1.573694276334153e-05
NSGA2,1,400,450,400,17.311562,0.010398422776315983,0.017455530265300806,0.8756727168301297,0.003289040787376864,1.497146835784329e-05
NSGA2,1,400,455,400,17.061409,0.01071537483726997,0.017216521076693615,0.8758497772055096,0.0033727624076905337,1.5744530553831832e-05
NSGA2,1,400,460,400,17.289285,0.010354989582111918,0.017293432795761364,0.8758975493594947,0.0033905815076578465,1.604111771037238e-05
NSGA2,1,400,465,400,16.626992,0.01042143598941843,0.017286669957810478,0.8758971509413243,0.0032099205683361757,1.4211637861444011e-05
NSGA2,1,400,470,400,17.643931,0.010086515549074485,0.016843419517221955,0.8761692529092284,0.003170822469238651,1.386634166017997e-05
NSGA2,1,400,475,400,17.543392,0.010262330263314044,0.016747119131210082,0.8776226482783185,0.003049978493241986,1.28084247050724e-05
NSGA2,1,400,480,400,18.291518,0.00975430545221647,0.016609329463498124,0.8776818519840364,0.0032231053365562915,1.4303791274798155e-05
NSGA2,1,400,485,400,18.294984,0.009575768172283736,0.017284321246392648,0.8776550526062207,0.0034417146144640792,1.6309921757282348e-05
NSGA2,1,400,490,400,17.420647,0.009305237533460877,0.016995618593080238,0.8777003241299145,0.0034243462413397156,1.598218740741633e-05
NSGA2,1,400,495,400,18.464278,0.009021544944897032,0.01672800580218306,0.8787224661983735,0.003818613117019734,1.9845318228718635e-05
NSGA2,1,400,500,400,17.421725,0.008509643508477584,0.01669734313781022,0.879025763050737,0.0034029154641809995,1.5753888295008744e-05
NSGA3,1,20,1,20,0.0,0.20673621203635068,0.2595307618368609,0.4617905239540671,0.009788070343673447,0.0002979617973063142
NSGA3,1,26,5,26,3.5393470000000002,0.16354313882982238,0.22922402199505035,0.5011260069060974,0.010533153797506831,0.0002760179644042516
NSGA3,1,26,10,26,3.9793380000000003,0.12329516900822148,0.19079680051209688,0.5530468077671019,0.010522527196879319,0.0002729209861256517
NSGA3,1,31,15,31,4.0847809999999996,0.09463369031451527,0.17213003524619575,0.5891987617397039,0.01270561050468823,0.00036122252732716454
NSGA3,1,33,20,33,4.157727,0.0611097371771459,0.14066143184187366,0.617897998481858,0.011138048958385499,0.0003130046390435246
NSGA3,1,38,25,38,4.341178,0.05517797584446502,0.11389141575115388,0.6619053253200549,0.006973649954341574,0.00012391506488125146
NSGA3,1,25,30,25,4.475377,0.039037842948625244,0.10476304929570662,0.677467208189207,0.007925857155800877,0.00021740913828272214
NSGA3,1,34,35,34,4.407704,0.03189528474580888,0.08740793489763762,0.7036107046210626,0.009515676194099236,0.00027162582793794276
NSGA3,1,40,40,40,4.189944,0.03309141716321018,0.07631514769139587,0.7324432366256499,0.013909353978953012,0.0004600986298907084
NSGA3,1,40,45,40,4.337208,0.027193708692383266,0.07590075484049427,0.7461864225702926,0.013440174835330079,0.0004802360932618153
NSGA3,1,40,50,40,4.339916,0.018173698184344923,0.0693108841266621,0.7618018380256608,0.01643782046027229,0.0007223563619726363
NSGA3,1,67,55,67,3.4102230000000002,0.018958597270401313,0.06517554021538129,0.7649976685735808,0.009500432576352288,0.00022537594562833905
NSGA3,1,61,60,61,3.902238,0.013567330829845925,0.06792991194094186,0.7709325052968556,0.005580990024419777,0.00011186449104049318
NSGA3,1,85,65,85,4.116553,0.011475751231771525,0.0646192139255778,0.7787578187524189,0.0056081505097982254,0.00010824043699623523
NSGA3,1,79,70,79,4.174159,0.008502777206370948,0.06386671205844152,0.7788891597596692,0.0036514502158673237,5.230965602894609e-05
NSGA3,1,83,75,83,4.6166730000000005,0.009216918118408416,0.05952477226715854,0.7871339715234381,0.010730278570034365,0.00029279466737341963
NSGA3,1,99,80,99,3.410135,0.008476886956213181,0.05858583060611049,0.7919030615017123,0.010040187768566553,0.0002494532348820931
NSGA3,1,101,85,101,4.125307,0.008120189397280968,0.05920123183017957,0.7952500052424226,0.005606436047890343,0.00010372592014391938
NSGA3,1,132,90,132,3.52283,0.007673192178333159,0.05507514765729493,0.8003615159120281,0.009854937816623267,0.00023544115625516763
NSGA3,1,136,95,136,4.224074,0.007532895396191158,0.05874860734729977,0.8009560509233806,0.013179911012712315,0.00042032292007198696
NSGA3,1,181,100,181,3.98841,0.00649456923955734,0.05655879667805431,0.8013573624116069,0.008569465437637525,0.0001794980569882452
NSGA3,1,185,105,185,4.468099,0.0059608519491689185,0.05494395668755597,0.8032856565073239,0.00820427457897719,0.00016376993574411885
NSGA3,1,178,110,178,4.011465,0.006214539778315568,0.05302521472011626,0.8112087280766991,0.00892463175084811,0.00018989699247661773
NSGA3,1,188,115,188,4.247148,0.006201105252907369,0.05404779545883764,0.8113303571358469,0.01099871814846285,0.0002883308610498948
NSGA3,1,189,120,189,3.656377,0.006139810095893352,0.05850702402917167,0.8119307430553326,0.005657851131364294,0.00010585258513623115
NSGA3,1,210,125,210,3.965462,0.005941212701338015,0.05714385932612096,0.8122036549318378,0.0048528177622660165,7.851049870720809e-05
NSGA3,1,208,130,208,4.34298,0.005957979538505678,0.054961208445059896,0.8164387059777293,0.005063384039182935,8.276045508377728e-05
NSGA3,1,216,135,216,3.9694469999999997,0.0058162809360330706,0.047742839582781686,0.8185393619545526,0.008155666828032529,0.00015405474290476666
NSGA3,1,221,140,221,5.839552,0.006247887242845729,0.04737908079839482,0.8238838220975624,0.010619979020335053,0.0002576537697593281
NSGA3,1,213,145,213,3.876906,0.006131042612321057,0.05119359088816957,0.8258457538990446,0.006112017901102356,0.00011695991534038174
NSGA3,1,211,150,211,3.59435,0.006120605774471793,0.045215116054670705,0.8284811501431257,0.008709861421055731,0.00017320339406773577
NSGA3,1,215,155,215,4.23749,0.00627968241248653,0.050355837163079196,0.829236949677604,0.006174925810885825,0.0001193505388326381
NSGA3,1,225,160,225,5.677968,0.006480773305152285,0.0498393248620582,0.8297374314428358,0.006035486292468488,0.00011321078995894439
NSGA3,1,234,165,234,5.131396,0.0062113135014540835,0.049728840843400464,0.8304622296194947,0.005387977071569622,9.035158550461987e-05
NSGA3,1,213,170,213,5.169376,0.0065504502543903605,0.04157551148238784,0.8353370123796979,0.008809682917879346,0.0001651854421800167
NSGA3,1,212,175,212,4.987518,0.006601605304208654,0.0429078276532498,0.8359823617018124,0.008756138344203647,0.00017098213150182435
NSGA3,1,215,180,215,4.82106,0.005970850487555865,0.04198554731858897,0.8371652826682476,0.008754512832310204,0.0001694412689689134
NSGA3,1,220,185,220,4.675131,0.005908225582881467,0.046835611751812174,0.8364604652364541,0.003146517470483915,2.876898608541404e-05
NSGA3,1,208,190,208,5.433433,0.006047421541790696,0.04292007196661725,0.8418380465302537,0.005859438003301372,7.548081152356633e-05
NSGA3,1,213,195,213,4.595579,0.00571530332798275,0.041157194116456484,0.8419447133599762,0.00847910797441815,0.0001583074404636491
NSGA3,1,218,200,218,4.914669,0.0054920274612504216,0.041130308574785196,0.8421858402321906,0.009378394378824154,0.00019374278391137212
NSGA3,1,222,205,222,4.993009,0.005464736293343006,0.04455135395803099,0.8428175024274819,0.0029214083440560553,2.7853688749175263e-05
NSGA3,1,210,210,210,5.143278,0.005327604686149056,0.044408518205491236,0.847180652705321,0.003847584214982209,4.721620149098214e-05
NSGA3,1,225,215,225,5.26205,0.005265613329982669,0.04377764027610644,0.8501330047446249,0.003622686404421657,4.137739204405937e-05
NSGA3,1,231,220,231,5.320082,0.005195373968443722,0.04208399119914315,0.8503865731784896,0.0027658375842907344,2.3350202321591343e-05
NSGA3,1,231,225,231,5.582544,0.004987454652290376,0.04252733222099879,0.8507165312592614,0.0027846167974970295,2.381758596273366e-05
NSGA3,1,235,230,235,5.480231,0.00477570110147821,0.042472000177517816,0.8508300669238698,0.002839020709121367,2.472261226899482e-05
NSGA3,1,239,235,239,5.503032,0.004697921925239181,0.041820986201208415,0.8501316272438352,0.0030040500317502277,2.7750446691132512e-05
NSGA3,1,239,240,239,5.235119,0.004737285899013689,0.042244943714362174,0.8501458609410213,0.0026859094426427504,2.2307167464633074e-05
NSGA3,1,227,245,227,5.240843,0.004718820698947519,0.04189605926151325,0.8556202172920833,0.0030726456697871066,2.852574563211251e-05
NSGA3,1,227,250,227,5.980962,0.004832204386768954,0.042051723704405956,0.8553219503062167,0.0028929824323209357,2.5237357593679988e-05
NSGA3,1,230,255,230,5.262453,0.004534196618162769,0.04170680649624144,0.8587194403449513,0.0029420151424406904,2.6044831625777015e-05
NSGA3,1,238,260,238,5.4260909999999996,0.004518031593866421,0.04129036780946062,0.8588075042954956,0.002750286534797862,2.27574653025636e-05
NSGA3,1,229,265,229,5.7654250000000005,0.004721579656376857,0.041994453151390866,0.8587922379971041,0.0027347126362535687,2.268932483896243e-05
NSGA3,1,232,270,232,5.98973,0.0045488476301180645,0.041502508981640686,0.8588803477366044,0.0026441355853543255,2.1210015692837453e-05
NSGA3,1,232,275,232,5.719614,0.004484347620622638,0.04086519762809549,0.8589066009260852,0.003017513065800242,2.7623065059807503e-05
NSGA3,1,225,280,225,5.968654,0.004610539972878091,0.04110025303853423,0.8611861169232442,0.0030064054342276796,2.7220012896038407e-05
NSGA3,1,233,285,233,5.972311,0.004578484738688688,0.040474806830614406,0.8613267217002537,0.0028093357707790504,2.3277888370850655e-05
NSGA3,1,239,290,239,6.356429,0.004506887666713808,0.03713593513383664,0.8615044328857564,0.0029164478812459043,2.3810050729370995e-05
NSGA3,1,227,295,227,7.386199,0.004301816624189733,0.03927402056035341,0.8636699776164292,0.002924747014784744,2.443000894439864e-05
NSGA3,1,239,300,239,6.465053,0.004448929637725599,0.03699677140122044,0.8638406543836753,0.0030958840535626293,2.558964558588692e-05
NSGA3,1,212,305,212,6.449652,0.004275518194003746,0.03802258338684175,0.8637304921827405,0.0029988899593432553,2.5084999572548968e-05
NSGA3,1,224,310,224,5.734615,0.004236707317914953,0.037237110476158145,0.863774625537291,0.002881411312060899,2.3243336215579843e-05
NSGA3,1,225,315,225,6.73099,0.0043553055575814995,0.03626013488855866,0.8674806827838673,0.004698834626224153,5.4186034176109147e-05
NSGA3,1,237,320,237,6.773382,0.0045103426995345705,0.03482296704646206,0.8682567429543786,0.004192272018190195,4.1577918804806664e-05
NSGA3,1,233,325,233,6.330449,0.004297615845432251,0.0362994166662713,0.8684999398152423,0.0028355274895327,2.1480689633942706e-05
NSGA3,1,241,330,241,6.299873,0.00428432987586098,0.03601100038716283,0.8676076469444384,0.0029409855543663928,2.316638685988306e-05
NSGA3,1,241,335,241,6.376655,0.004189520885178787,0.035951811077540016,0.8678898352367843,0.00300900850351862,2.423587095499769e-05
NSGA3,1,220,340,220,6.357111,0.004194514914403943,0.03634307241485637,0.8704469827674358,0.0031469408313580423,2.6827199225579253e-05
NSGA3,1,223,345,223,6.116578,0.004269151425818331,0.03637227404453845,0.8705905200358606,0.0034343472519399705,3.195476828775892e-05
NSGA3,1,237,350,237,8.393473,0.004311881681232592,0.03541991425895123,0.8715701593642745,0.0034559841302606244,3.0654413890135125e-05
NSGA3,1,237,355,237,6.822339,0.004355802412612751,0.034372502815013785,0.8695304592711948,0.0037855775911549354,3.567063444041907e-05
NSGA3,1,249,360,249,7.96654,0.004348300395873596,0.034096080137465345,0.8717272116457946,0.0037576484982450894,3.493822436522642e-05
NSGA3,1,247,365,247,7.241516,0.004282415079756323,0.034688867426749634,0.8717812643735302,0.0029897183066070554,2.2923988580695783e-05
NSGA3,1,249,370,249,7.543195,0.004273846059668163,0.034659734086558945,0.871985245115017,0.002852683559943441,2.086248072402507e-05
NSGA3,1,252,375,252,7.492958,0.004245974784348196,0.03467007763475945,0.8721168215765093,0.002902935655327512,2.1602933171831204e-05
NSGA3,1,245,380,245,7.140688,0.004222309941907716,0.03212480677277965,0.8727919079131556,0.003178458961049961,2.4850602440230278e-05
NSGA3,1,229,385,229,5.690171,0.0040943275671706325,0.03203076416192153,0.8768245113834168,0.0033869110192491017,2.7932131920601836e-05
NSGA3,1,236,390,236,6.396466,0.004230041399155079,0.03196485328443234,0.8769731325873076,0.0033764403073693414,2.7756082400156034e-05
NSGA3,1,230,395,230,7.33139,0.00402565157588776,0.03200286415320553,0.8769886578042487,0.0034087148040068196,2.8292385195109624e-05
NSGA3,1,234,400,234,7.94575,0.003864236969429048,0.032037591221642334,0.8769720025873123,0.0035986477074883656,3.153076282180195e-05
NSGA3,1,242,405,242,7.489959,0.003942003135205516,0.0312213352855514,0.8774937696238665,0.0035919185958778617,3.113274442984509e-05
NSGA3,1,242,410,242,7.297176,0.0038905438711804704,0.031068762633580018,0.8776179406383148,0.0038808626206077584,3.5991325998391234e-05
NSGA3,1,246,415,246,8.039447,0.003915305760661237,0.03093573890480731,0.8777145574075707,0.0036333148120683808,3.154409461165725e-05
NSGA3,1,249,420,249,7.9633009999999995,0.00386028188739321,0.030752652407440524,0.87847587684923,0.003452950093773991,2.8263168218878806e-05
NSGA3,1,243,425,243,8.012353,0.003993301367423864,0.03127248461162731,0.8788012032549463,0.003767767260066459,3.422104412456122e-05
NSGA3,1,244,430,244,7.412674,0.0038730558373938863,0.03220394412897447,0.8790337756367068,0.0034683203430963083,2.9844840286318063e-05
NSGA3,1,246,435,246,8.225979,0.003863848545256066,0.031183930994869016,0.8791167869226393,0.0036096201044097972,3.116775312694567e-05
NSGA3,1,249,440,249,8.306969,0.0037225035531908424,0.032195144301349,0.8797985697077988,0.0034090724067324806,2.8914805433294653e-05
NSGA3,1,250,445,250,8.00347,0.003676919202478846,0.03225224469494273,0.8805047659022925,0.0033779716721303193,2.83830142323263e-05
NSGA3,1,243,450,243,8.014064,0.003569457951172176,0.03221688537146433,0.8790694905467543,0.003476810048300807,2.9354330109786515e-05
NSGA3,1,250,455,250,9.550217,0.0035971082202584563,0.03155323438187951,0.8805268965139821,0.0035975216185028937,3.1311818713382705e-05
NSGA3,1,254,460,254,8.458807,0.0036226271636765517,0.032289416039428476,0.8811533290748629,0.0034548615336208693,2.883307241797308e-05
NSGA3,1,259,465,259,8.605824,0.003827287257998186,0.0324497234670464,0.880885778446256,0.003549800108326427,3.0515684010559614e-05
NSGA3,1,256,470,256,8.704255,0.0037471849878909225,0.032450202590158225,0.8818708665985532,0.003363875280278549,2.738211639475471e-05
NSGA3,1,257,475,257,9.405796,0.003722927103277758,0.03193692854126046,0.8818740041873199,0.0032340748308624214,2.5638302594564522e-05
NSGA3,1,242,480,242,9.064716,0.0033493613948706057,0.03207813383837226,0.8819048751857936,0.0033629731599079424,2.7030206201669767e-05
NSGA3,1,256,485,256,8.480049,0.0030664037986940103,0.03144603232050672,0.8819089539636731,0.003221865435425375,2.4803833832496847e-05
NSGA3,1,260,490,260,9.07438,0.0028578007338657258,0.031246088826844057,0.8819984503739553,0.0031725770655857267,2.4044323619114256e-05
NSGA3,1,247,495,247,9.108933,0.0013157789376667098,0.031042020517091082,0.8808329917283984,0.003284162351366486,2.5391714861237467e-05
NSGA3,1,251,500,251,8.81175,9.962433441857666e-05,0.028798078500031334,0.8809289806416583,0.00345517373433027,2.7699212099163093e-05
UNSGA3,1,20,1,20,0.0,0.20673621203635068,0.2595307618368609,0.4617905239540671,0.009788070343673447,0.0002979617973063142
UNSGA3,1,32,5,32,4.248741,0.1617919819522132,0.23691802912076287,0.505369236631646,0.005573309718034578,7.732146375822189e-05
UNSGA3,1,38,10,38,3.859985,0.12154388920132395,0.19861057858897094,0.5483453567057821,0.008997146740349979,0.0002159009519736586
UNSGA3,1,29,15,29,4.339311,0.10272795646475,0.16539831676639621,0.5908645885906626,0.011258312218151378,0.00028996944263821563
UNSGA3,1,19,20,19,4.596183,0.06948856471402585,0.1467786998888826,0.625753769723034,0.009448316723947149,0.00029541499200805694
UNSGA3,1,31,25,31,4.534189,0.042989257694890315,0.11797916909306336,0.6486308051713991,0.014152274522443158,0.0005542780066078712
UNSGA3,1,27,30,27,4.359488,0.042944860971156365,0.10530887365088802,0.6748327700299958,0.00998812422462753,0.0002873490413280423
UNSGA3,1,40,35,40,4.318644,0.03377458742538517,0.097668695690202,0.6956312127355535,0.007590689857698561,0.00016459964989346597
UNSGA3,1,51,40,51,4.42822,0.024984163877418242,0.0809193881473463,0.7114747630122139,0.008555189521269877,0.00020883971952190947
UNSGA3,1,60,45,60,4.274132,0.024355226259170432,0.07340118123146,0.7275180156078728,0.007239167914412289,0.00016249008298108102
UNSGA3,1,70,50,70,3.59002,0.020226525677563945,0.07042237252637246,0.7342256623950699,0.008962388463057941,0.0002296733542921151
UNSGA3,1,54,55,54,4.074304,0.017765686587647312,0.06900044992061675,0.7395341902009821,0.007604208708985217,0.0001742780634319413
UNSGA3,1,63,60,63,4.361947,0.016953413042132822,0.06891709931045681,0.7563894458318225,0.0041338846700430905,6.396954557777124e-05
UNSGA3,1,38,65,38,3.836955,0.017174145936158326,0.06342133885263537,0.7733361689409006,0.00905726856714358,0.0002470820826810839
UNSGA3,1,75,70,75,5.037922,0.012986349378813886,0.062347447706271854,0.7747994816940554,0.006235920705824716,0.00012221821009849522
UNSGA3,1,102,75,102,3.71165,0.013376391681929937,0.06074665955234422,0.7754225793951772,0.003940503649194164,4.810090151637802e-05
UNSGA3,1,122,80,122,4.1585090000000005,0.013034725880713463,0.05770373749166146,0.7749297408057736,0.004432988944038765,6.37296901970452e-05
UNSGA3,1,101,85,101,4.52207,0.011955730133493473,0.05601635571694507,0.7861454493679896,0.005007700911641955,8.12450290557806e-05
UNSGA3,1,116,90,116,4.078677,0.011922452751241031,0.054815732139314316,0.7865271560821155,0.005536256370752551,9.450568025310325e-05
UNSGA3,1,179,95,179,4.333154,0.010951958147777585,0.054087115378261726,0.7883050377285096,0.00425096359534286,5.522772713010613e-05
UNSGA3,1,140,100,140,4.169797,0.010538142019571239,0.05521656345099233,0.7897070743404714,0.004021521756399907,5.087342907127806e-05
UNSGA3,1,184,105,184,3.658957,0.010037943897313517,0.05534836598108926,0.7921911082778732,0.0042306941683049075,5.3145139294243946e-05
UNSGA3,1,178,110,178,4.397752,0.010463617704285706,0.05363775791880106,0.7966588726378618,0.004024929181630258,5.07674404920279e-05
UNSGA3,1,201,115,201,3.495221,0.010381376799009889,0.05321539454428132,0.7967885006423508,0.0038083273391248877,4.542099548631669e-05
UNSGA3,1,188,120,188,4.47363,0.009874204365688997,0.051331869735704624,0.8010513822012152,0.0036854414621631526,4.2295625733508154e-05
UNSGA3,1,197,125,197,3.913681,0.009372761879278425,0.05144644676152401,0.8019841864693774,0.0034658258304847735,3.697168035168095e-05
UNSGA3,1,212,130,212,4.146584,0.009382879604787984,0.04974472459244935,0.8016767016957846,0.0036236586404276776,4.0488576574870384e-05
UNSGA3,1,213,135,213,4.337148,0.009531858252649142,0.04887464959385112,0.8034989804357262,0.003988882196252192,4.872083947692743e-05
UNSGA3,1,197,140,197,4.538936,0.009067973335447255,0.05247853533484966,0.8092969851863171,0.0047559657541561585,7.73350688472637e-05
UNSGA3,1,205,145,205,4.400139,0.00905352359233159,0.048021323402957214,0.8120596190421779,0.0030827734154813147,3.063330026467485e-05
UNSGA3,1,203,150,203,4.316216,0.009194792993735337,0.048173319915682786,0.8127253061910755,0.004019028691473744,5.5164635373912286e-05
UNSGA3,1,191,155,191,4.464831,0.009111751095475839,0.04698559650087224,0.8243666486488122,0.00377018128605885,4.574481714315071e-05
UNSGA3,1,198,160,198,4.305807,0.009129472129510121,0.047998214794203665,0.8247052041924451,0.0025767454600124323,2.2478449119087115e-05
UNSGA3,1,203,165,203,4.73372,0.00895138558040658,0.04717770727109693,0.8277233545377093,0.002588971676125508,2.288322879494693e-05
UNSGA3,1,206,170,206,4.87263,0.009367246876438954,0.04739315663332541,0.8278531195859534,0.0026297661227907025,2.3369761409258813e-05
UNSGA3,1,205,175,205,4.939633,0.009721705435065063,0.04578411347475022,0.8321178046912001,0.0024151132997602084,1.9356073452498755e-05
UNSGA3,1,220,180,220,5.250338,0.009818308168398541,0.04450308881792746,0.8323784064584039,0.0029322790499487178,2.699587442746889e-05
UNSGA3,1,223,185,223,4.521154,0.01005281695325651,0.04322385079480719,0.8327907931031228,0.003141605169711537,2.8396298394726592e-05
UNSGA3,1,230,190,230,5.304106,0.009966312695421732,0.041977454295663394,0.8332004169317506,0.003200878669853545,2.9421351759324852e-05
UNSGA3,1,217,195,217,5.296658,0.009988787232014174,0.04109062775950614,0.8389708607006019,0.0025902621538010586,1.865877429835123e-05
UNSGA3,1,224,200,224,5.678147,0.009895900243306832,0.04037061951927862,0.8390107192396615,0.002810168892776976,2.172547941970263e-05
UNSGA3,1,193,205,193,5.285456,0.009870576756097399,0.038621707259132984,0.8451506520536791,0.0028675930448524532,2.1510709715314206e-05
UNSGA3,1,201,210,201,5.569945,0.01035002132225712,0.03983401776895034,0.8453307127630229,0.0038609639254954405,4.042485422240177e-05
UNSGA3,1,207,215,207,5.093971,0.010648936323619485,0.040028070234365803,0.8452562762040021,0.0030499485286010703,2.4875608323908507e-05
UNSGA3,1,216,220,216,5.25959,0.010458666376760824,0.03866533378686105,0.8454700101914119,0.003396675711090591,3.072850090601013e-05
UNSGA3,1,228,225,228,5.745803,0.010530917275893307,0.03785760692067405,0.8456939915045867,0.0030417536650448867,2.4619175220010772e-05
UNSGA3,1,236,230,236,4.962819,0.01052757289135295,0.03756948145779096,0.8457772608839524,0.002910835457670905,2.244854856993308e-05
UNSGA3,1,223,235,223,5.396324,0.009650188028866242,0.0352300312487245,0.8459892718955583,0.0034535751583136243,3.0127942893425272e-05
UNSGA3,1,237,240,237,6.440797,0.009707116353202466,0.035024230800504805,0.8460546416511203,0.003046111626336139,2.343191260506124e-05
UNSGA3,1,219,245,219,5.613281,0.009897335609280052,0.035087201563396106,0.848449632241744,0.0040532133561244745,4.067823261285069e-05
UNSGA3,1,233,250,233,5.43139,0.010248616880378213,0.034272836328715965,0.8485198124985769,0.0037815251466483926,3.483193672286911e-05
UNSGA3,1,229,255,229,6.058774,0.00987181824833963,0.034139596178036635,0.8499825561996341,0.003594132632273911,3.14457303173556e-05
UNSGA3,1,239,260,239,5.432104,0.009995403462812948,0.033579178397718554,0.8500879481056107,0.0029125899331955032,2.0646787270388422e-05
UNSGA3,1,244,265,244,5.870144,0.00984128894955903,0.030919973802381283,0.8503243022941344,0.00319119794492827,2.3451447093176195e-05
UNSGA3,1,223,270,223,6.068513,0.009737366736398502,0.031488292440176056,0.8528012385434655,0.0034903200392713803,2.7848553182667674e-05
UNSGA3,1,219,275,219,6.027226,0.009676210168340228,0.03187815824313869,0.8557809187754479,0.0034851641034949862,2.780423047301123e-05
UNSGA3,1,230,280,230,6.117586,0.00956031052490055,0.03175278548289803,0.8560294790917743,0.0024635919506308104,1.46337032049301e-05
UNSGA3,1,226,285,226,6.08822,0.009717498225382348,0.03155929066217003,0.8592814579911363,0.0027948685652838946,1.885569617507541e-05
UNSGA3,1,225,290,225,5.104692,0.009652529438956559,0.030795010328641088,0.8593346835522907,0.00315777175439268,2.3062964414704235e-05
UNSGA3,1,228,295,228,6.572393,0.009269893400350325,0.029923120386714096,0.8593857427797787,0.003593955908824586,2.9872642195658337e-05
UNSGA3,1,237,300,237,6.559946,0.009410414210876484,0.029362778343537975,0.8605716914606288,0.0030452392351262027,2.13837237691104e-05
UNSGA3,1,241,305,241,6.5987670000000005,0.009327583306895893,0.0294001330433375,0.8607073392665009,0.0029700870908901506,2.051762383058626e-05
UNSGA3,1,243,310,243,6.018242,0.009093392809630549,0.029126660514913753,0.8608228021678817,0.0029376894899724405,2.01953044026692e-05
UNSGA3,1,226,315,226,6.78934,0.009685816976205951,0.029367389259967396,0.8622259539445172,0.00357163435703692,2.9765803366361178e-05
UNSGA3,1,224,320,224,6.185306,0.009497730946167241,0.030480041731333337,0.8628382848733493,0.0030771849153708696,2.280686299587474e-05
UNSGA3,1,233,325,233,5.940251,0.009231454614867449,0.029094081345807096,0.8629801048869222,0.0033712483634623894,2.5917029239516806e-05
UNSGA3,1,239,330,239,7.050727,0.008998297144170175,0.028173405951533656,0.8632145191053531,0.003538126021165756,2.85214999226013e-05
UNSGA3,1,218,335,218,6.500618,0.009105217722407126,0.027641852274934733,0.8665575698215751,0.003640875226769922,2.9842156388969384e-05
UNSGA3,1,229,340,229,6.628685,0.009147457116643961,0.027279193700567566,0.8677116548340325,0.003888409301782515,3.379826221761023e-05
UNSGA3,1,225,345,225,7.127471,0.009192585848227613,0.028216870920665167,0.8685978571748459,0.003725489113073884,3.127437130845875e-05
UNSGA3,1,225,350,225,6.242762,0.008901761738926775,0.02887492245005497,0.8723705620429358,0.0033770279880658803,2.5835236676505657e-05
UNSGA3,1,223,355,223,6.032373,0.009062926561618152,0.02988914754051085,0.8724204938246773,0.003041140927917157,2.1049842110700448e-05
UNSGA3,1,229,360,229,5.63432,0.008998679809888126,0.028003928328427945,0.8730640754121954,0.0034080729663588335,2.5867865401447238e-05
UNSGA3,1,235,365,235,6.8751,0.008950734088145222,0.027867815462960098,0.8731179023539957,0.0033479235906775577,2.496003950772627e-05
UNSGA3,1,236,370,236,7.153552,0.008696988849133619,0.027679670970714065,0.8733697971856142,0.0037371148645694665,3.1069964891714586e-05
UNSGA3,1,229,375,229,6.664078,0.008697156599328982,0.027731141392180657,0.8734565298390964,0.0036746787956343334,3.0044371996350315e-05
UNSGA3,1,237,380,237,7.150468,0.008465061446550298,0.027209440697422777,0.8736108760820271,0.0036724804991206416,2.9669731690149425e-05
UNSGA3,1,240,385,240,7.7708960000000005,0.008270360998523732,0.027121047562618107,0.8742342366545479,0.0030344059442044395,2.019478931881564e-05
UNSGA3,1,245,390,245,7.619192,0.008238380481326123,0.027037761746633325,0.8742893263486922,0.002902389695728734,1.837544117009634e-05
UNSGA3,1,246,395,246,6.201587,0.008183519933634382,0.027065498449702654,0.8744177341791483,0.003164625466722336,2.1726863718520782e-05
UNSGA3,1,242,400,242,8.398856,0.008113042808996853,0.027345096753702978,0.8744056200166226,0.0030049605058660852,2.013334980017613e-05
UNSGA3,1,244,405,244,7.664484,0.008037037079219206,0.027010423945444686,0.8744005249832245,0.003438419783964287,2.530169645947195e-05
UNSGA3,1,231,410,231,7.762345,0.008092946119510773,0.02818285477732679,0.8777510400280234,0.0034341191974560648,2.5727679085972425e-05
UNSGA3,1,242,415,242,7.248118,0.008046525982478734,0.027101049233983376,0.8779652489514523,0.0034323480154299086,2.5556398805022925e-05
UNSGA3,1,246,420,246,7.830819,0.008031251663821706,0.02700377043615161,0.877985122293613,0.003236181901607208,2.2717135789173708e-05
UNSGA3,1,230,425,230,7.845976,0.008012376380625078,0.02742416580161214,0.8771765422637129,0.0035422854402619784,2.731152145724701e-05
UNSGA3,1,213,430,213,7.734542,0.00806461399583679,0.026455076828448974,0.8831344376995156,0.004165795844543976,3.7221711155620085e-05
UNSGA3,1,216,435,216,7.36122,0.008123690489472053,0.026510824548706787,0.8832278810105162,0.00392807220118877,3.3092596370384134e-05
UNSGA3,1,219,440,219,7.851729,0.007943321858012439,0.02611496386569642,0.883252412110086,0.003922568889203602,3.299783203353438e-05
UNSGA3,1,227,445,227,7.688733,0.00787826035915173,0.02582536780794022,0.8833704722196213,0.003102641209054789,2.099159059220342e-05
UNSGA3,1,232,450,232,8.114958,0.007802683914812125,0.025007439448596513,0.8834187279936787,0.003206111861328982,2.193470345476895e-05
UNSGA3,1,237,455,237,8.014775,0.007815757312731193,0.0248558905704011,0.8834486825065012,0.003179289009674822,2.1567250432400656e-05
UNSGA3,1,242,460,242,8.123705,0.007724636719392501,0.024095681006653803,0.8834764716969079,0.003144360076727336,2.0507797623954605e-05
UNSGA3,1,243,465,243,7.990255,0.007807497068900146,0.024186524657731336,0.8835350918432827,0.002904039504541457,1.7492508761390863e-05
UNSGA3,1,245,470,245,8.441017,0.007846029029747627,0.023170207111850402,0.8836523130663086,0.0038294190329342423,2.915607514202066e-05
UNSGA3,1,210,475,210,8.210703,0.008092105264194672,0.025050703841629638,0.8857939893231189,0.005176705955486235,5.443402888482424e-05
UNSGA3,1,224,480,224,7.90982,0.008162535828335682,0.024398011112051025,0.8859088929806829,0.005106646352843726,5.244630806724151e-05
UNSGA3,1,229,485,229,8.371085,0.00795721181787049,0.024365675491313056,0.8856180648427696,0.0052594341779982024,5.429035166558405e-05
UNSGA3,1,224,490,224,8.495453,0.007664165186907494,0.025272926688616616,0.884353018557208,0.004352215721804127,3.7309522997115726e-05
UNSGA3,1,234,495,234,8.945114,0.007773470946508569,0.026792736109795587,0.8856158721361401,0.003997654008440938,3.136276290664857e-05
UNSGA3,1,230,500,230,7.663988,0.0071778269409793725,0.026038979591012226,0.8884855913866982,0.003572328900195018,2.659965455075328e-05
SMSEMOA,1,23,1,23,0.0,0.2051928294984615,0.2595307618368609,0.4618048400290665,0.009112165155838358,0.00025647104855153045
SMSEMOA,1,30,5,30,4.648436,0.15228838558039237,0.22771139838360055,0.501410595284306,0.009483439987855651,0.0002429386132104436
SMSEMOA,1,31,10,31,6.601381,0.12274739045147227,0.19418257003978973,0.5459446669321218,0.008096899909267714,0.00020489103127262152
SMSEMOA,1,46,15,46,4.480182,0.08053440085707315,0.16568153643336336,0.5910437051042374,0.009039852793038223,0.00021691265949251625
SMSEMOA,1,55,20,55,4.557338,0.057594927336386555,0.14271154510557518,0.614108474285433,0.008136780565597346,0.00020591522801703986
SMSEMOA,1,61,25,61,5.6174610000000005,0.039059655355984685,0.12341065605160828,0.6525589784641737,0.007854825788169718,0.00018248506806888104
SMSEMOA,1,83,30,83,8.131007,0.035059285984804844,0.10512885696231092,0.6823856351198769,0.008215015614557236,0.00017304553390744262
SMSEMOA,1,83,35,83,6.427163,0.035706529909266045,0.0977190664170856,0.6956758738180691,0.006546721453761909,0.00011541406437669738
SMSEMOA,1,79,40,79,7.040622,0.031221979857528292,0.08996312733764819,0.7120683287116512,0.006075735462901244,0.00011161098780973311
SMSEMOA,1,100,45,100,7.772642,0.024722157974037783,0.08041893266167119,0.7350890940780559,0.005726757087358589,9.815386103394066e-05
SMSEMOA,1,109,50,109,10.306643,0.018476521541600083,0.07598820560352207,0.7369772224699022,0.004515623231564687,6.993145601148479e-05
SMSEMOA,1,117,55,117,9.69359,0.016801055625795116,0.07199974431924398,0.7514116427769317,0.005046793751306942,9.085550972822351e-05
SMSEMOA,1,124,60,124,8.528786,0.014929761377776598,0.06845450559785102,0.7556133870025574,0.005523083986736335,0.00010670985733160459
SMSEMOA,1,186,65,186,11.764046,0.011973130272370045,0.0659551862703333,0.7635512759274823,0.004762014057938979,7.698147150274569e-05
SMSEMOA,1,202,70,202,12.992785,0.010290566514658381,0.06784883073926097,0.7700646499476453,0.0033311885826886782,4.043241485314085e-05
SMSEMOA,1,234,75,234,17.188332,0.009165610482531492,0.0637988359608784,0.7776606940504903,0.0035730935092573935,4.2531862229403e-05
SMSEMOA,1,305,80,305,10.809686,0.008718226651413374,0.06429986927020395,0.7801600132079407,0.002981050896004186,2.9832515569851756e-05
SMSEMOA,1,324,85,324,9.269156,0.008361728681390169,0.06394324620618472,0.7818746125066613,0.0028520775286413813,2.8007851072037742e-05
SMSEMOA,1,346,90,346,8.763725,0.007502823918929633,0.0629351842189231,0.7858735840911635,0.0029797948079948403,3.1401682590524386e-05
SMSEMOA,1,372,95,372,9.242133,0.007358493000526863,0.062346841943126875,0.7945682135510778,0.002253474435041162,1.8905942595787355e-05
SMSEMOA,1,400,100,400,16.288329,0.00715470278526097,0.06128484801623132,0.7949393029655711,0.002248919900275458,1.9034762339125313e-05
SMSEMOA,1,400,105,400,22.409285,0.006632026205601778,0.061028616801056215,0.7986560638060486,0.0023218409614532637,2.000563009831311e-05
SMSEMOA,1,400,110,400,27.063159,0.006531787599860772,0.06096633264160247,0.7987832576942795,0.0022057678650618333,1.8055391421718187e-05
SMSEMOA,1,400,115,400,29.376369,0.006257675617324885,0.06018088366482207,0.7988986296892944,0.0021494014114733667,1.7141034123427873e-05
SMSEMOA,1,400,120,400,37.055339,0.006386663104497039,0.059309092322875345,0.8015680349125172,0.0018319981547048581,1.2425713024235203e-05
SMSEMOA,1,400,125,400,43.331898,0.006233951599903669,0.05896947847488533,0.8021163141097722,0.0017234139326279454,1.0977751831000073e-05
SMSEMOA,1,400,130,400,38.205668,0.00607206189450082,0.05410862058256374,0.802411211679688,0.002277092083406794,1.770840004814519e-05
SMSEMOA,1,400,135,400,46.41654,0.006000967235739685,0.05329564786118219,0.8024888579987329,0.002245466439361035,1.7219925756673013e-05
SMSEMOA,1,400,140,400,33.601267,0.005875568970266085,0.05216505825138928,0.8026582916384201,0.0023886480541176853,1.943163000699281e-05
SMSEMOA,1,400,145,400,38.788789,0.006005418691086137,0.051660344541791504,0.8028285773365149,0.00230068684660895,1.800087299304884e-05
SMSEMOA,1,400,150,400,48.032789,0.006190427860994369,0.05079957038548346,0.8063009360167788,0.002206131173213553,1.6061091442852162e-05
SMSEMOA,1,400,155,400,33.020438,0.006026323156927745,0.05008836744675096,0.8069505185600838,0.0023434507800544234,1.8088254419938978e-05
SMSEMOA,1,400,160,400,50.080707,0.006288790895848962,0.049420425785126426,0.8093016293281136,0.00240795087381311,1.8606127437273673e-05
SMSEMOA,1,400,165,400,36.736573,0.0062277836313071044,0.04813178254014852,0.8094531197387838,0.002387861241705456,1.8293517438026985e-05
SMSEMOA,1,400,170,400,36.844448,0.005911674062490415,0.04803268277909539,0.8098549902592636,0.0023947317765740787,1.8630237417570314e-05
SMSEMOA,1,400,175,400,31.265417,0.005957302590709943,0.04728632262616422,0.8115486667974791,0.0024563718720331516,1.9482623252505304e-05
SMSEMOA,1,400,180,400,25.747733,0.005629226770357891,0.04528336412526409,0.8180722452712217,0.002932884939181644,2.680499634064529e-05
SMSEMOA,1,400,185,400,42.46914,0.005602540070950601,0.044316683185655174,0.8181760941500721,0.002981479211030146,2.7700606148970846e-05
SMSEMOA,1,400,190,400,42.550332,0.005548162199529106,0.044125621924274855,0.8182924582401134,0.00272195920254264,2.3142437740872626e-05
SMSEMOA,1,400,195,400,29.940073,0.0056461424643811705,0.04255188864035286,0.82038310365976,0.002130064951195047,1.3537365079029835e-05
SMSEMOA,1,400,200,400,36.201012,0.0057437510746064105,0.04230835512662666,0.8204310667713752,0.0024587190185237605,1.8060059522712273e-05
SMSEMOA,1,400,205,400,33.983234,0.005846962764398235,0.04191713062362021,0.8204936948287284,0.0024096623217794455,1.7346575476085892e-05
SMSEMOA,1,400,210,400,27.242244,0.005760145349202906,0.0401516918864224,0.8213156989953666,0.002100126739480479,1.2642377223619171e-05
SMSEMOA,1,400,215,400,38.37009,0.005691440214240216,0.039273823692865716,0.8213751043724602,0.0021443135551423662,1.3179966837392448e-05
SMSEMOA,1,400,220,400,32.752667,0.005642880403454819,0.03939486773077461,0.8219974379339642,0.002162172073567131,1.3509086928791943e-05
SMSEMOA,1,400,225,400,36.700945,0.005388596793235001,0.04036251976206636,0.8284240029107361,0.0018178198715117504,1.0057191031777601e-05
SMSEMOA,1,400,230,400,24.995347,0.005310092583218649,0.040067531949308774,0.828533441058671,0.0018339943881098488,1.023696011195445e-05
SMSEMOA,1,400,235,400,28.021685,0.005378756202112767,0.03863091950378132,0.8321872954300451,0.0019172728144766526,1.1046757834376301e-05
SMSEMOA,1,400,240,400,29.652868,0.005508469037485559,0.038075301875122335,0.8350950010724902,0.001892273961843729,1.0674422382933686e-05
SMSEMOA,1,400,245,400,26.094482,0.005468145363127943,0.03800512402295813,0.8351582037190108,0.001895148610008177,1.0706879117051139e-05
SMSEMOA,1,400,250,400,26.628857,0.005377927093623113,0.036947340196643155,0.8353310786730381,0.0018820047108474656,1.0461022779251193e-05
SMSEMOA,1,400,255,400,27.236851,0.005421929497524507,0.0368373686764661,0.8353737910336898,0.0018091700257637522,9.666995200366588e-06
SMSEMOA,1,400,260,400,28.36849,0.005315957864565194,0.03666115940174436,0.835395869435345,0.0018201276111927153,9.784449842675052e-06
SMSEMOA,1,400,265,400,22.96142,0.005334801265005485,0.0362462829945543,0.8354241480262139,0.0019315376523129232,1.1018921582109706e-05
SMSEMOA,1,400,270,400,26.900681,0.0053455570394454095,0.03508879524658802,0.8357836009942914,0.001940647700058756,1.030366471493453e-05
SMSEMOA,1,400,275,400,23.451983,0.0054812490959061065,0.03485292649175711,0.8358452359624376,0.002041546348478058,1.140293903350728e-05
SMSEMOA,1,400,280,400,24.993003,0.005526748913303352,0.031695258385459855,0.8371921296847593,0.0023406577191407655,1.3985103511295034e-05
SMSEMOA,1,400,285,400,23.918894,0.0054783492180076245,0.031600407061171794,0.8390453911732344,0.0022201827409926607,1.2521049264368878e-05
SMSEMOA,1,400,290,400,24.72686,0.00542556234279562,0.031188990265446345,0.8391362690411288,0.002167932579680846,1.1938639097350843e-05
SMSEMOA,1,400,295,400,29.172644,0.005352984573665299,0.031003336499554494,0.8399671568036344,0.002039622838764471,1.054988352283335e-05
SMSEMOA,1,400,300,400,24.834736,0.005327469502528226,0.029872739831114676,0.8400656985912459,0.002281323715741606,1.319585673521163e-05
SMSEMOA,1,400,305,400,24.643389,0.005348594660920903,0.029270763260417432,0.8405125275099701,0.0024203146665776297,1.4609730498968871e-05
SMSEMOA,1,400,310,400,24.030931,0.005313462357608081,0.030192020751877813,0.8405401218956483,0.002313019988002342,1.3929088856469271e-05
SMSEMOA,1,400,315,400,30.13267,0.005293864989247345,0.030823646157880136,0.840598383518516,0.0021104283502102784,1.1595918702885908e-05
SMSEMOA,1,400,320,400,26.882643,0.0054161234379620105,0.03029009482297603,0.8442150753516788,0.0021110651359345822,1.1618461930983596e-05
SMSEMOA,1,400,325,400,28.615013,0.0054983148559290965,0.028740770085293153,0.8453983762668087,0.002017574865349852,1.0365152393424296e-05
SMSEMOA,1,400,330,400,26.127059,0.005435931667330073,0.02880529809512606,0.8454433430565821,0.0021175432808334086,1.1446529217674632e-05
SMSEMOA,1,400,335,400,24.843624,0.005486060743901094,0.028787740505430332,0.8454516404748676,0.0021385102601358163,1.1674328409481896e-05
SMSEMOA,1,400,340,400,23.321072,0.005498962141635938,0.028578680914927768,0.8455042249938323,0.002172000999810006,1.2042849844030444e-05
SMSEMOA,1,400,345,400,24.996686,0.005518031928130541,0.026381432966335674,0.8492094720694423,0.0029521357280581154,1.9754627772694323e-05
SMSEMOA,1,400,350,400,28.658941,0.00559891035326623,0.026123057279831892,0.8492659587228865,0.002945888341021465,1.967110571951395e-05
SMSEMOA,1,400,355,400,22.585561,0.005609967424161763,0.026401750563187297,0.8497804258458483,0.0025075619049476075,1.4231875634126374e-05
SMSEMOA,1,400,360,400,25.86079,0.005540684644100742,0.02714495332874845,0.849879215902426,0.0023147896658481603,1.2837039144160487e-05
SMSEMOA,1,400,365,400,33.435375,0.005584241054215258,0.026969912898501876,0.8500061748449873,0.0021956783273540284,1.14933326438822e-05
SMSEMOA,1,400,370,400,24.729387,0.005510609482720785,0.026015228238967115,0.8518437296301816,0.002228650561655568,1.1768099262481638e-05
SMSEMOA,1,400,375,400,25.719538,0.005566353060634644,0.025880146167217875,0.8519160285028482,0.0022818226342698326,1.2336334366926555e-05
SMSEMOA,1,400,380,400,24.786993,0.00560234453830471,0.0258084756916734,0.8527153788370455,0.002219209197682519,1.167143153427422e-05
SMSEMOA,1,400,385,400,26.051963,0.005558242433933034,0.025018658811782623,0.852768954307293,0.002193638635635216,1.1166229355195353e-05
SMSEMOA,1,400,390,400,26.04861,0.005497352786426257,0.024854445407546097,0.8552780410987386,0.002232473449438268,1.14925889076427e-05
SMSEMOA,1,400,395,400,25.091738,0.005284842340529369,0.02413616609007716,0.8555237247711092,0.002286563546866914,1.1827515035073184e-05
SMSEMOA,1,400,400,400,33.01935,0.005355658902003073,0.024079368268421584,0.8555334417416351,0.0023930876182118714,1.2955201051706122e-05
SMSEMOA,1,400,405,400,26.69698,0.005244761080122467,0.024032609757179434,0.8555556312843824,0.002434446652490159,1.3406872577574245e-05
SMSEMOA,1,400,410,400,24.965261,0.00525963509164054,0.023933541968989763,0.855596244023545,0.002477853357497657,1.3889229660746197e-05
SMSEMOA,1,400,415,400,17.317658,0.005354866361160408,0.023764311894899973,0.8556378483121497,0.0024641668103067096,1.373621770356522e-05
SMSEMOA,1,400,420,400,23.529491,0.005374568551831949,0.023714083989762325,0.85565041315145,0.0025000511653293206,1.4139197195757337e-05
SMSEMOA,1,400,425,400,26.551326,0.005370267240760764,0.023608650489730754,0.8558044338285808,0.0025533883349143378,1.47443011515883e-05
SMSEMOA,1,400,430,400,30.142903,0.005104557538193623,0.022878163403754884,0.8559251470291659,0.0024943030160356327,1.4089661033878563e-05
SMSEMOA,1,400,435,400,28.130252,0.0049715745216736065,0.022381715191937386,0.8560189690273652,0.0025032302960661004,1.4185687565920227e-05
SMSEMOA,1,400,440,400,29.428254,0.0049509522976733345,0.02228842367142854,0.8560412578109062,0.002474902822173822,1.3866443280899362e-05
SMSEMOA,1,400,445,400,23.357916,0.004739649800717405,0.022116243418839072,0.856088322728117,0.0024951922681826005,1.4094731586536113e-05
SMSEMOA,1,400,450,400,29.340662000000002,0.004695117319331414,0.022075216009966293,0.856161348234472,0.0025130915838288324,1.4297674616264729e-05
SMSEMOA,1,400,455,400,25.542715,0.004628337380553382,0.02202030217150795,0.856168560840189,0.002528553077644061,1.447414525672744e-05
SMSEMOA,1,400,460,400,29.711437,0.0046220804161826974,0.021874933819122457,0.8562344678365705,0.002489039402227956,1.3882920951531617e-05
SMSEMOA,1,400,465,400,28.502244,0.004668871511542061,0.021144163443285804,0.8605801815365328,0.002692554922202746,1.5894281496775282e-05
SMSEMOA,1,400,470,400,27.620406,0.004767295910999667,0.02106686740239389,0.8606734591796179,0.0025725007576717176,1.4600838209324606e-05
SMSEMOA,1,400,475,400,28.21526,0.004725481824649204,0.020872892272162838,0.8607567452906637,0.0024817941495238133,1.350596998497471e-05
SMSEMOA,1,400,480,400,28.296113,0.004671912866949845,0.020464020255095153,0.860777524341467,0.0026548583312734925,1.505283527410193e-05
SMSEMOA,1,400,485,400,27.723812,0.004644037569979403,0.020385787115764328,0.8608517651975784,0.002564276171636089,1.4043171517727012e-05
SMSEMOA,1,400,490,400,30.726304,0.004423900603256375,0.019954850539093686,0.8609200000441283,0.0026671170380561807,1.5260633008162593e-05
SMSEMOA,1,400,495,400,26.342469,0.004189479858228647,0.019148061029478466,0.8650816671322925,0.0027264584305265946,1.5678566563601994e-05
SMSEMOA,1,400,500,400,25.964131,0.004140428608130405,0.019504371009616647,0.8652118700829804,0.002670407087600757,1.5037082699497883e-05
